Chancey, Bruce, Merit, Chancellor, Glanville, Gerard, Escalus, Huntley, Hunt, Wireceaster, Malyn, Remy, Anscom, Carlson, Severin, Lord, Uba, Ferdie, Makenzie, Marylu, Bardolph, Ora, Lorin, Nile, Linton, Denholm, Toni, Blessing, Cliff, Brian, Lauralyn, Gregg, Archie, Thornton, Willesone, Ocean, Bryon, Trymman, Jaylen, Treasach, Candy, Sidwell, Penn, Unten, Gideon, Presley, Casimir, Hudson, Deion, Monty, Sonya, Melbourne, Locke, Irvin, Collier, Vincenzo, Barrington, Barry, Burch, Oli, Gil, Osbert, Gallagher, Niko, Sedgwick, Searles, Ryton, Landon, Jeff, Shane, Krista, Iggy, Payden, Jimmy, Jim, Reed, Chaunceler, Daryl, Ritchie, Alphonso, Fleming, Trumen, Sinclaire, Gary, Lacy, Edred, Dave, Spike, Stoke, Hebron, Russell, Rusty, Tony, Richmond, Birk, Boswell, Gino, Aspen, Stockley, Darren, Sigmund, Tolbert, Shad, Dusty, Northcliff, Lindsey, Quintavius, Lewin, Sandy, Gawen, Treasigh, Cloten, Christen, Courtney, Dell, Val, Johnson, Pax, Westbrook, Theo, Kiaran, Albin, Davian, Johnathon, Bertie, Jarvis, Nyle, Carson, Dex, Eugene, Gene, Janai, Javonte, Cedar, Caiden, Victor, Aleksa, Chadwyk, Brady, Barnard, Trenton, Harvie, Ramona, Jerren, Kori, Orik, Keanan, Severne, Garnet, Tucker, Sullivan, Markham, Jerrell, Alwyn, Flint, Haze, Maralyn, Kelvin, Buckley, Colin, Aylmer, Kacie, Farris, Syd, Jarrett, Dele, Stanwood, Stan, Delma, Barnaby, Essie, Beau, Royden, Amaris, Edin, Merle, Wolf, Blade, Gabby, Shadow, Harald, Taron, Al, Birkett, Vinton, Anita, Riyad, Crockett, Vincent, Berton, Falkner, Smyth, Heaton, Christian, Chris, Cairo, Kole, Ness